zip,name,median_household_income,median_gross_rent,median_home_value,total_population,total_occupied_housing,owner_occupied,renter_occupied,median_rent_burden_pct,pop_white,pop_black,pop_hispanic,pop_asian,total_housing_units,vacant_housing_units
77002,ZCTA5 77002,69137,1536,381723,15081,6000,1500,4500,25.0,2464,2062,3820,1925,6358,358
77003,ZCTA5 77003,55490,1237,304207,18330,7200,2880,4320,26.2,8354,4249,3959,3461,7671,471
77004,ZCTA5 77004,48497,1133,291547,32069,12800,5376,7424,27.5,18812,8045,12749,5417,14199,1399
77005,ZCTA5 77005,128413,1887,673095,22483,8800,4840,3960,17.3,7063,6190,11557,1084,9647,847
77006,ZCTA5 77006,82204,1636,463843,27797,11200,3919,7281,22.6,16667,9967,11217,4010,12237,1037
77007,ZCTA5 77007,86095,1718,493291,35457,14000,6300,7700,22.0,8598,10489,19183,4749,15093,1093
77008,ZCTA5 77008,81413,1562,414203,41193,16000,8000,8000,22.7,8489,11896,19604,6999,17636,1636
77009,ZCTA5 77009,65623,1295,341299,38121,15200,6840,8360,24.0,21815,14140,7658,6811,16369,1169
77010,ZCTA5 77010,54867,1191,145710,25365,10146,4444,5702,26.2,5843,11796,13741,1869,10975,829
77011,ZCTA5 77011,39058,902,152009,24736,10000,4500,5500,28.4,3969,11790,13635,4242,10877,877
77012,ZCTA5 77012,41941,909,179560,30478,12000,6000,6000,27.1,6233,8703,11922,2031,12671,671
77016,ZCTA5 77016,31676,864,118481,28671,11200,5600,5600,31.9,9888,5576,5006,666,12318,1118
77017,ZCTA5 77017,68155,990,261404,19452,7860,3270,4590,17.4,7494,4154,7240,2300,8642,782
77018,ZCTA5 77018,67832,1199,337655,34839,14000,7700,6300,21.4,12605,13707,15855,6900,15491,1491
77019,ZCTA5 77019,155043,2188,843359,17760,7200,3600,3600,16.5,4723,8447,6289,3150,7685,485
77020,ZCTA5 77020,36492,910,135328,21981,8800,4224,4576,30.2,5416,5729,3880,1940,9836,1036
77021,ZCTA5 77021,39737,965,165920,27353,10800,4860,5940,29.1,5930,5904,15819,3354,11659,859
77022,ZCTA5 77022,36010,900,140032,20552,8000,3360,4640,29.0,3721,3486,8355,2830,8727,727
77023,ZCTA5 77023,38158,910,182832,35136,14000,6720,7280,28.5,10232,7150,15798,2679,15267,1267
77024,ZCTA5 77024,192936,2504,874857,35254,14000,9800,4200,15.6,14117,4899,13717,3887,15148,1148
77025,ZCTA5 77025,71554,1355,313680,30870,12000,6600,5400,22.5,15395,9347,13516,3594,12839,839
77026,ZCTA5 77026,27035,782,92250,17830,7200,3240,3960,34.3,8268,7940,6793,1173,7934,734
77027,ZCTA5 77027,127836,1926,733585,14695,6000,2700,3300,18.5,5232,5734,6036,602,6318,318
77028,ZCTA5 77028,28625,808,109547,15424,6000,2880,3120,32.8,2519,3646,6853,2100,6480,480
77029,ZCTA5 77029,34078,830,133898,21573,8800,4576,4224,29.5,7381,3778,12452,3538,9810,1010
77030,ZCTA5 77030,64863,1395,339485,20502,8000,2800,5200,24.7,6146,8564,10841,1202,8614,614
77031,ZCTA5 77031,48895,1064,197993,36010,14000,7000,7000,25.2,13695,16649,7066,6813,15647,1647
77033,ZCTA5 77033,33945,834,120568,19538,8000,4000,4000,30.5,11095,3520,3399,1969,8593,593
77034,ZCTA5 77034,66102,1373,294960,27600,11164,6316,4848,23.5,14838,10827,7958,2112,12006,842
77035,ZCTA5 77035,76236,1284,317692,31374,12800,8320,4480,20.8,12995,8397,16805,2390,13611,811
77036,ZCTA5 77036,44739,971,189490,56323,22000,8800,13200,26.7,27951,9233,10348,6202,23816,1816
77037,ZCTA5 77037,55397,868,318633,29926,12156,7726,4430,18.9,11056,13369,5554,2875,13336,1180
77038,ZCTA5 77038,70163,1017,320416,48424,18959,10596,8363,16.5,25996,19498,11777,7808,20437,1478
77039,ZCTA5 77039,71022,1296,139660,23084,9181,4748,4433,22.2,13255,10479,9770,3430,9933,752
77040,ZCTA5 77040,59413,1147,224461,39393,16000,8800,7200,23.8,17477,16253,15383,5312,17804,1804
77041,ZCTA5 77041,52040,1255,135236,29877,12146,6851,5295,28.3,14037,11617,5432,2835,12984,838
77042,ZCTA5 77042,71888,1410,276066,30685,12000,6000,6000,23.1,12271,8723,17227,2212,12927,927
77043,ZCTA5 77043,59182,1227,258189,29751,11781,6765,5016,24.4,14996,11477,15557,5464,12772,991
77044,ZCTA5 77044,69504,857,216183,16534,6710,3539,3171,14.2,4987,4728,5064,2991,7084,374
77045,ZCTA5 77045,45177,1049,177299,25225,10000,5500,4500,26.7,12538,9017,12235,4773,10513,513
77046,ZCTA5 77046,105758,1985,548076,11824,4800,1920,2880,20.7,3792,4108,7004,1791,5199,399
77047,ZCTA5 77047,43713,948,177505,27493,11200,5824,5376,27.4,11660,12102,7259,4073,12211,1011
77048,ZCTA5 77048,39713,927,160095,19809,8000,4000,4000,28.2,10646,8578,3949,3858,8594,594
77049,ZCTA5 77049,63631,985,235053,49144,19677,7926,11751,17.6,17021,19303,13320,8525,21990,2313
77050,ZCTA5 77050,41363,1067,238039,44977,18182,7693,10489,32.0,16790,10996,12102,3197,19816,1634
77051,ZCTA5 77051,30660,809,102581,16182,6400,3072,3328,32.4,7050,4741,8109,587,6758,358
77053,ZCTA5 77053,49675,1204,308758,38786,15673,6629,9044,29.4,18270,8164,10310,1634,16975,1302
77054,ZCTA5 77054,53240,1075,242150,18281,7200,2520,4680,25.4,7534,8859,9444,1319,7656,456
77055,ZCTA5 77055,61431,988,203170,22772,9318,3300,6018,20.1,12598,6903,12642,2873,9962,644
77056,ZCTA5 77056,119159,1874,573920,21989,8800,3520,5280,20.3,9012,8240,4802,3652,9395,595
77057,ZCTA5 77057,66889,1264,280632,24925,10000,3500,6500,24.0,8730,11101,14887,1874,10924,924
77058,ZCTA5 77058,37315,877,321609,28234,11531,4754,6777,27.8,9624,10832,10420,745,12321,790
77059,ZCTA5 77059,56165,1120,308088,19854,7865,4780,3085,24.3,11211,5310,7768,2685,8636,771
77060,ZCTA5 77060,54107,984,137874,35092,14063,5173,8890,21.6,10085,9176,9581,4120,15351,1288
77061,ZCTA5 77061,64348,840,269268,43765,17325,6270,11055,16.6,23269,14503,6901,6828,19082,1757
77062,ZCTA5 77062,53459,1447,126387,26616,10592,6132,4460,31.7,11536,7856,5059,2188,11470,878
77063,ZCTA5 77063,57943,1104,308834,26019,10215,3895,6320,23.8,10152,7200,7445,1996,10961,746
77064,ZCTA5 77064,59567,1307,344871,45616,18110,11706,6404,25.9,22275,8214,17981,8465,19539,1429
77065,ZCTA5 77065,62506,1232,150434,30175,12272,4401,7871,24.4,16219,4460,17678,4190,13495,1223
77066,ZCTA5 77066,45011,1306,306522,32217,13167,5761,7406,34.9,7761,11184,15993,1467,14208,1041
77067,ZCTA5 77067,40713,1056,306507,42765,16877,9906,6971,32.8,22229,14006,18859,7415,18122,1245
77068,ZCTA5 77068,63118,1308,251844,39891,15888,7205,8683,25.2,10132,16293,6738,6118,17188,1300
77069,ZCTA5 77069,57206,1195,296633,25521,9987,5869,4118,23.9,13567,6894,9654,2552,10832,845
77070,ZCTA5 77070,45698,1190,352602,24961,10046,5489,4557,32.9,4675,5812,11389,2914,10600,554
77071,ZCTA5 77071,56780,1271,339186,19005,7793,3992,3801,28.0,11500,7874,9094,742,8310,517
77072,ZCTA5 77072,45327,1066,127985,18750,7470,2717,4753,28.9,9462,3137,3465,3301,7996,526
77073,ZCTA5 77073,50577,1330,283756,45126,18088,7107,10981,30.9,12636,14409,8286,8598,19800,1712
77074,ZCTA5 77074,41168,1049,181183,37103,15200,6080,9120,28.6,12221,9256,10759,5543,16446,1246
77075,ZCTA5 77075,37330,1245,199687,18515,7285,2567,4718,39.7,4618,7663,4527,987,8113,828
77076,ZCTA5 77076,35786,887,153485,24385,10000,4500,5500,29.3,7069,9974,5725,1094,10716,716
77077,ZCTA5 77077,68640,1212,258688,33464,13144,6579,6565,20.0,15968,7738,6632,6352,14565,1421
77078,ZCTA5 77078,32974,818,113197,11650,4800,2400,2400,31.1,4697,3382,5433,1692,5365,565
77079,ZCTA5 77079,71357,1133,348485,39488,15737,8522,7215,19.5,22106,7418,7020,6621,16643,906
77080,ZCTA5 77080,54763,1168,156416,17056,6975,2733,4242,26.7,6175,6420,8447,3318,7472,497
77081,ZCTA5 77081,65209,936,233111,46270,18827,10288,8539,18.4,16479,9152,14742,9252,20579,1752
77082,ZCTA5 77082,61838,1417,298407,40085,16436,7521,8915,27.6,10085,14620,24120,1195,17575,1139
77083,ZCTA5 77083,58363,1018,148663,29079,11379,6669,4710,22.1,8473,4523,15795,583,12002,623
77084,ZCTA5 77084,46112,898,257905,26892,10574,4496,6078,25.2,10970,2810,7121,1131,11184,610
77085,ZCTA5 77085,61724,1350,149073,45438,18484,10604,7880,25.7,19722,18063,25829,6404,19988,1504
77086,ZCTA5 77086,56669,1259,277330,19227,7594,4854,2740,27.8,6637,8727,5599,886,8504,910
77087,ZCTA5 77087,38370,881,155086,34853,14000,6720,7280,28.4,17741,5101,15561,6229,15073,1073
77088,ZCTA5 77088,73460,1009,238084,29636,11989,5820,6169,17.2,8711,6053,17358,4305,12935,946
77089,ZCTA5 77089,67697,856,138590,20551,8443,5061,3382,15.8,12253,6853,9530,1983,9120,677
77090,ZCTA5 77090,62763,822,195051,38837,15218,8067,7151,16.3,11700,12269,7673,2668,16089,871
77091,ZCTA5 77091,42662,968,176285,27619,11200,5824,5376,27.1,13806,13121,8622,1474,12237,1037
77092,ZCTA5 77092,46482,1322,293209,24116,9718,4569,5149,37.3,8604,3959,7051,1904,10707,989
77093,ZCTA5 77093,33225,863,124820,29895,12000,5760,6240,30.0,8187,12059,6036,2921,13166,1166
77094,ZCTA5 77094,56156,1240,250502,18456,7190,3955,3235,29.1,8903,7292,5037,747,7660,470
77095,ZCTA5 77095,67597,1281,171141,48621,19961,7759,12202,22.0,26837,5834,7906,9272,21942,1981
77096,ZCTA5 77096,54988,1453,224903,43511,16949,8847,8102,30.0,15129,15925,13255,4178,18139,1190
77098,ZCTA5 77098,98519,1741,505521,20334,8000,3040,4960,21.5,3687,7065,7775,1098,8444,444
77099,ZCTA5 77099,55849,1123,313859,25064,9871,6292,3579,24.0,10981,4216,12284,2688,10527,656
