zip,listing_velocity,price_trajectory,rental_yield,investor_activity,dom_shift,displacement_risk,flip_rate,affordability_cliff
77002,1.28,26.3,4.83,57.8,-8.6,50.0,8.6,1.26
77003,1.26,31.2,4.88,51.6,-7.3,64.5,8.9,1.45
77004,1.24,44.2,4.66,43.8,-9.9,69.1,15.2,1.52
77005,1.36,24.6,3.36,32.8,-1.3,47.6,2.5,1.23
77006,0.89,21.1,4.23,42.0,-3.4,46.2,8.0,1.47
77007,1.24,30.9,4.18,46.5,-5.2,56.1,11.5,1.55
77008,0.94,25.1,4.53,40.8,-7.5,49.3,9.6,1.43
77009,1.28,29.3,4.55,48.0,-8.9,54.5,10.2,1.3
77010,0.99,29.3,9.81,57.4,-3.1,57.8,14.7,0.76
77011,1.58,46.0,7.12,61.3,-9.0,61.3,12.9,1.11
77012,1.72,34.9,6.07,81.9,-6.0,69.5,12.9,1.15
77016,1.78,35.1,8.75,57.0,-11.9,75.4,15.9,0.81
77017,1.92,25.0,4.54,52.1,-7.7,47.6,11.9,0.89
77018,1.65,28.0,4.26,53.7,-4.1,65.0,12.2,1.25
77019,0.6,16.2,3.11,8.8,3.6,32.6,1.8,1.51
77020,1.14,39.4,8.07,61.6,-8.6,71.3,16.2,0.84
77021,1.21,37.2,6.98,69.2,-11.7,60.6,11.5,1.16
77022,1.25,37.9,7.71,54.3,-11.5,66.5,15.9,0.84
77023,2.17,55.0,5.97,70.6,-7.8,65.2,12.2,1.15
77024,1.25,24.3,3.43,22.7,-3.8,36.7,5.7,1.06
77025,1.79,36.0,5.18,46.6,-5.3,63.7,10.2,0.96
77026,1.43,41.5,10.17,68.0,-6.8,76.9,14.7,0.87
77027,1.19,16.5,3.15,19.9,-2.1,33.2,4.7,1.25
77028,1.83,44.6,8.85,61.5,-12.2,79.0,16.8,0.86
77029,1.98,48.6,7.44,63.3,-10.8,67.5,18.0,0.87
77030,0.97,32.7,4.93,54.2,-3.4,63.3,8.6,1.47
77031,1.57,33.3,6.45,55.4,-8.2,59.4,14.6,0.99
77033,1.05,53.7,8.3,69.1,-8.9,63.1,9.7,0.99
77034,1.82,38.1,5.59,45.6,-8.0,66.6,11.6,1.0
77035,1.87,45.1,4.85,52.2,-6.8,55.8,15.4,1.16
77036,1.66,38.7,6.15,78.8,-5.2,78.0,12.2,1.15
77037,1.07,28.2,3.27,69.3,-4.8,60.3,12.0,1.45
77038,1.53,38.3,3.81,57.2,-2.3,58.2,11.8,1.18
77039,1.34,31.8,11.14,46.1,-8.7,56.7,12.9,0.52
77040,1.16,36.4,6.13,54.2,-8.0,59.9,9.5,0.92
77041,1.18,39.6,11.14,66.7,-7.8,63.0,10.2,0.61
77042,1.34,35.3,6.13,44.3,-5.0,65.0,11.3,0.84
77043,1.52,34.9,5.7,64.7,-4.1,57.1,7.8,1.08
77044,1.45,32.6,4.76,48.3,-5.4,47.7,10.2,0.84
77045,1.54,32.9,7.1,71.9,-3.8,57.6,15.2,1.07
77046,1.49,31.5,4.35,47.0,-4.3,55.1,10.5,1.45
77047,1.72,30.9,6.41,72.8,-7.7,67.4,10.4,0.95
77048,1.3,35.5,6.95,60.0,-9.5,56.2,12.4,0.98
77049,1.16,43.4,5.03,61.0,-8.0,64.1,6.9,0.99
77050,2.08,39.9,5.38,72.4,-5.5,67.2,11.9,1.37
77051,1.71,33.8,9.46,64.7,-4.8,63.4,12.8,0.87
77053,1.2,27.1,4.68,48.7,-9.1,56.5,15.1,1.44
77054,0.98,42.7,5.33,52.8,-9.0,67.9,14.7,1.03
77055,0.94,28.6,5.84,46.8,-7.7,58.8,8.4,0.89
77056,0.85,28.6,3.92,15.4,-2.9,51.0,5.3,1.05
77057,1.61,27.8,5.4,63.2,-2.6,69.1,12.7,1.03
77058,1.48,40.2,3.27,62.9,-11.7,71.3,16.8,2.11
77059,1.88,34.1,4.36,61.8,-6.0,66.9,12.3,1.51
77060,1.28,30.7,8.56,56.2,-2.9,66.6,8.7,0.69
77061,1.43,35.6,3.74,49.6,-2.5,64.2,12.0,1.11
77062,1.59,37.0,13.74,57.1,-5.2,67.3,12.3,0.58
77063,1.57,36.8,4.29,46.6,-3.9,54.3,13.2,1.21
77064,1.21,45.2,4.55,50.3,-3.0,56.8,8.4,1.24
77065,1.35,44.7,9.83,51.0,-8.9,66.2,14.1,0.6
77066,1.34,32.9,5.11,65.7,-6.6,59.0,11.7,1.52
77067,1.51,43.2,4.13,71.3,-10.1,64.8,13.2,1.85
77068,1.96,31.6,6.23,66.0,-9.5,56.7,10.8,0.89
77069,1.04,25.2,4.83,51.0,-4.3,57.1,12.3,1.37
77070,2.03,42.3,4.05,74.0,-7.7,73.0,18.4,1.68
77071,1.12,41.5,4.5,43.7,-8.0,66.3,14.3,1.49
77072,1.03,34.6,9.99,45.8,-11.1,68.6,14.1,0.81
77073,1.52,29.8,5.62,62.1,-10.3,58.5,13.6,1.4
77074,1.17,37.2,6.95,63.9,-9.3,63.9,17.1,1.12
77075,1.45,41.1,7.48,62.9,-11.9,80.9,13.4,1.21
77076,1.59,45.7,6.93,61.6,-11.6,67.5,13.5,1.22
77077,1.36,26.8,5.62,45.8,-9.4,61.0,9.3,1.04
77078,1.7,37.8,8.67,86.4,-6.3,77.3,15.1,0.86
77079,1.86,30.7,3.9,60.3,-5.4,60.2,9.4,1.25
77080,1.86,29.4,8.96,59.5,-7.0,59.5,10.5,0.76
77081,1.35,34.1,4.82,60.8,-8.3,57.7,13.3,1.02
77082,1.23,35.6,5.7,66.7,-5.6,65.3,11.4,1.17
77083,1.41,39.6,8.22,55.6,-7.5,67.0,15.6,0.61
77084,1.47,47.8,4.18,45.2,-8.4,70.4,17.4,1.37
77085,1.15,41.4,10.87,62.4,-2.4,71.5,9.1,0.54
77086,1.51,37.4,5.45,54.5,-7.4,60.7,13.3,1.21
77087,1.27,32.2,6.82,74.1,-5.2,64.8,12.2,1.05
77088,1.2,35.7,5.09,45.1,-3.0,57.5,12.1,0.76
77089,1.86,29.5,7.41,64.7,-2.0,56.8,13.2,0.48
77090,1.72,32.8,5.06,62.7,-7.7,58.7,14.8,0.87
77091,1.57,38.2,6.59,59.9,-5.9,72.0,9.7,1.05
77092,1.92,50.5,5.41,66.7,-7.1,81.4,14.6,1.39
77093,1.76,55.1,8.3,84.4,-12.1,82.3,14.6,0.8
77094,1.47,41.3,5.94,64.6,-10.0,58.9,8.6,1.24
77095,1.62,24.3,8.98,68.1,-4.0,56.9,10.0,0.6
77096,1.29,39.0,7.75,57.8,-8.5,74.7,11.9,0.92
77098,1.0,26.3,4.13,38.4,-2.1,47.9,11.9,1.13
77099,1.63,43.5,4.29,51.6,-3.5,67.8,12.6,1.46
